L2_lambda,training_MSE,dev_MSE
0.0,70.31410217285156,40.71636199951172
1.0,190.53721618652344,188.10549926757812
