mini_batch_size,exec_time_in_minutes
200,0.6335811773935954
100,1.139408000310262
50,2.0620131413141887
20,4.315874063968659
10,8.476406526565551
5,16.578045388062794
