mini_batch_size,exec_time_in_minutes
200,0.7055840730667114
100,1.1729367136955262
50,2.042569057146708
20,4.2840897361437476
10,8.49258859952291
5,17.08955470720927
